,device,subject,browser,batterystats_Joule_calculated,headerSize,workerTime,fetchTime,timeToFirstByte,downloadTime,totalTime,totalLoadTime,dnsLookupTime,fcp,fp,timestamp
28,nexus5x,http-192-168-100-103-9191-local_websites-www-zillow-com,chrome,39.10032,337,0,47.5,15.5,18.4,33.9,2156,0,1134.5,1134.5,2020.10.11_192407
13,nexus5x,http-192-168-100-103-9191-local_websites-www-zillow-com,chrome,32.110668,337,0,66.8,37.8,14.6,52.4,2097,0,1180.5,1180.5,2020.10.15_020636
13,nexus5x,http-192-168-100-103-9191-local_websites-www-zillow-com,chrome,31.78566,337,0,84.2,14.1,24.2,38.3,2833,0,1373.7,1373.7,2020.10.15_032742
13,nexus5x,http-192-168-100-103-9191-local_websites-www-zillow-com,chrome,42.340608,337,0,27.5,4.4,2.8,7.2,2638,0,1379.4,1379.4,2020.10.15_044814
13,nexus5x,http-192-168-100-103-9191-local_websites-www-zillow-com,chrome,33.887664,337,0,57.1,30.7,7.7,38.4,2259,0,1147,1147,2020.10.15_060851
13,nexus5x,http-192-168-100-103-9191-local_websites-www-zillow-com,chrome,34.011576,337,0,82.9,37.2,27.8,65,2898,0,1407.3,1407.3,2020.10.15_072920
13,nexus5x,http-192-168-100-103-9191-local_websites-www-zillow-com,chrome,42.969348,337,0,110.1,10.6,3.1,13.7,2276,0,1069.4,1069.4,2020.10.15_084950
13,nexus5x,http-192-168-100-103-9191-local_websites-www-zillow-com,chrome,31.917024,337,0,38.1,8.7,3.6,12.3,2116,0,913.9,913.9,2020.10.17_174337
13,nexus5x,http-192-168-100-103-9191-local_websites-www-zillow-com,chrome,39.896064,337,0,58.4,25.6,6.9,32.5,2169,0,952.1,952.1,2020.10.17_190421
13,nexus5x,http-192-168-100-103-9191-local_websites-www-zillow-com,chrome,40.844412,337,0,50.6,9.9,17,26.9,2365,0,1263.7,1263.7,2020.10.17_202505
13,nexus5x,http-192-168-100-103-9191-local_websites-www-zillow-com,chrome,37.677636,337,0,59.4,25.1,13,38.1,2092,0,1044.8,1044.8,2020.10.17_214543
2,nexus5x,http-192-168-100-103-9191-local_websites-www-wp-me,chrome,61.712856,334,0,88.7,13.7,49,62.7,1008,0,1172.7,1172.7,2020.10.11_192407
3,nexus5x,http-192-168-100-103-9191-local_websites-www-wp-me,chrome,40.33224,334,0,94,3.2,51.8,55,1070,0,1454.9,1454.9,2020.10.15_020636
3,nexus5x,http-192-168-100-103-9191-local_websites-www-wp-me,chrome,50.702004,334,0,124.9,2.9,64.9,67.8,1130,0,1437.3,1437.3,2020.10.15_032742
3,nexus5x,http-192-168-100-103-9191-local_websites-www-wp-me,chrome,50.279472,334,0,95.8,38.2,36.3,74.5,1086,0,1434.5,1434.5,2020.10.15_044814
3,nexus5x,http-192-168-100-103-9191-local_websites-www-wp-me,chrome,47.722536,334,0,140.4,7.8,38.9,46.7,1013,0,1533.4,1533.4,2020.10.15_060851
3,nexus5x,http-192-168-100-103-9191-local_websites-www-wp-me,chrome,37.894176,334,0,57.6,3.5,40.7,44.2,1160,0,1467.2,1467.2,2020.10.15_072920
3,nexus5x,http-192-168-100-103-9191-local_websites-www-wp-me,chrome,60.49836,334,0,102.8,7.2,70.3,77.5,1016,0,1342.1,1342.1,2020.10.15_084950
3,nexus5x,http-192-168-100-103-9191-local_websites-www-wp-me,chrome,46.821672,334,0,93.1,3.2,48,51.2,1016,0,1583.2,1583.2,2020.10.17_174337
3,nexus5x,http-192-168-100-103-9191-local_websites-www-wp-me,chrome,50.181768,334,0,167.2,21.1,96.1,117.2,1228,0,1511,1511,2020.10.17_190421
3,nexus5x,http-192-168-100-103-9191-local_websites-www-wp-me,chrome,50.233932,334,0,82.1,8.2,41.4,49.6,964,0,1403.8,1403.8,2020.10.17_202505
3,nexus5x,http-192-168-100-103-9191-local_websites-www-wp-me,chrome,52.097472,334,0,77,3.6,44.6,48.2,977,0,1317.7,1317.7,2020.10.17_214543
27,nexus5x,http-192-168-100-103-9191-local_websites-www-wordpress-com,chrome,61.712856,342,0,112.6,3.5,58.4,61.9,1172,0,1235.6,1235.6,2020.10.11_192407
29,nexus5x,http-192-168-100-103-9191-local_websites-www-wordpress-com,chrome,51.035796,342,0,104.6,49,18.5,67.5,1121,0,1629.3,1629.3,2020.10.15_020636
29,nexus5x,http-192-168-100-103-9191-local_websites-www-wordpress-com,chrome,40.158468,342,0,82.5,3.7,45.8,49.5,1127,0,1518.5,1518.5,2020.10.15_032742
29,nexus5x,http-192-168-100-103-9191-local_websites-www-wordpress-com,chrome,38.12508,188,0,362.3,4.2,73.1,77.3,1068,0,1519.8,1519.8,2020.10.15_044814
29,nexus5x,http-192-168-100-103-9191-local_websites-www-wordpress-com,chrome,57.982104,342,0,107.1,5.6,48.8,54.4,1005,0,1529.9,1529.9,2020.10.15_060851
29,nexus5x,http-192-168-100-103-9191-local_websites-www-wordpress-com,chrome,51.095016,342,0,86.3,5.7,53.7,59.4,1152,0,1475.5,1475.5,2020.10.15_072920
29,nexus5x,http-192-168-100-103-9191-local_websites-www-wordpress-com,chrome,41.573232,342,0,75,4.1,44.1,48.2,967,0,1394.5,1394.5,2020.10.15_084950
29,nexus5x,http-192-168-100-103-9191-local_websites-www-wordpress-com,chrome,38.089656,342,0,227.1,17.9,177.4,195.3,1124,0,1715.9,1715.9,2020.10.17_174337
29,nexus5x,http-192-168-100-103-9191-local_websites-www-wordpress-com,chrome,48.31164,342,0,58.5,6,33.1,39.1,1063,0,1418.3,1418.3,2020.10.17_190421
29,nexus5x,http-192-168-100-103-9191-local_websites-www-wordpress-com,chrome,40.218444,342,0,79.1,26.5,23.1,49.6,1274,0,1508.8,1508.8,2020.10.17_202505
29,nexus5x,http-192-168-100-103-9191-local_websites-www-wordpress-com,chrome,62.79606,342,0,113.5,12.9,41.5,54.4,1377,0,1684.3,1684.3,2020.10.17_214543
1,nexus5x,http-192-168-100-103-9191-local_websites-www-w3schools-com,chrome,64.089072,341,0,76.5,4.5,42.5,47,1842,0,1282,1282,2020.10.11_192407
2,nexus5x,http-192-168-100-103-9191-local_websites-www-w3schools-com,chrome,35.833644,341,0,82.2,15.2,30.8,46,1771,0,1216.6,1216.6,2020.10.15_020636
2,nexus5x,http-192-168-100-103-9191-local_websites-www-w3schools-com,chrome,61.710696,341,0,105.6,13,18,31,1710,0,1110,1110,2020.10.15_032742
2,nexus5x,http-192-168-100-103-9191-local_websites-www-w3schools-com,chrome,44.052912,341,0,96.1,8.3,37.2,45.5,1782,0,1020.4,1020.4,2020.10.15_044814
2,nexus5x,http-192-168-100-103-9191-local_websites-www-w3schools-com,chrome,50.365152,341,0,46.9,4.5,18.9,23.4,1778,0,1241.7,1241.7,2020.10.15_060851
2,nexus5x,http-192-168-100-103-9191-local_websites-www-w3schools-com,chrome,51.716232,341,0,45.5,4.5,22.3,26.8,1896,0,1090.8,1090.8,2020.10.15_072920
2,nexus5x,http-192-168-100-103-9191-local_websites-www-w3schools-com,chrome,49.329432,341,0,65.1,4.4,41.4,45.8,1815,0,1075.3,1075.3,2020.10.15_084950
2,nexus5x,http-192-168-100-103-9191-local_websites-www-w3schools-com,chrome,44.713944,341,0,42.7,3.9,22.2,26.1,1612,0,946.7,946.7,2020.10.17_174337
2,nexus5x,http-192-168-100-103-9191-local_websites-www-w3schools-com,chrome,61.714224,341,0,54.2,6,33.4,39.4,1614,0,1186.8,1186.8,2020.10.17_190421
2,nexus5x,http-192-168-100-103-9191-local_websites-www-w3schools-com,chrome,53.676756,341,0,133.4,15.4,17.2,32.6,1690,0,1288,1288,2020.10.17_202505
2,nexus5x,http-192-168-100-103-9191-local_websites-www-w3schools-com,chrome,38.452896,341,0,74.9,34.4,16.4,50.8,1703,0,1087.5,1087.5,2020.10.17_214543
13,nexus5x,http-192-168-100-103-9191-local_websites-www-w3-org,chrome,45.85716,334,0,30.6,7.7,7,14.7,1405,0,902.4,902.4,2020.10.11_192407
15,nexus5x,http-192-168-100-103-9191-local_websites-www-w3-org,chrome,31.955544,334,0,43.4,18.7,5.6,24.3,1242,0,1045,1045,2020.10.15_020636
15,nexus5x,http-192-168-100-103-9191-local_websites-www-w3-org,chrome,40.003416,334,0,61.2,13.5,16.4,29.9,1341,0,1024.4,1024.4,2020.10.15_032742
15,nexus5x,http-192-168-100-103-9191-local_websites-www-w3-org,chrome,36.114048,334,0,71,6.7,10,16.7,1088,0,1136.8,1136.8,2020.10.15_044814
15,nexus5x,http-192-168-100-103-9191-local_websites-www-w3-org,chrome,36.685728,334,0,65.4,5.9,13.4,19.3,967,0,1003.9,1003.9,2020.10.15_060851
15,nexus5x,http-192-168-100-103-9191-local_websites-www-w3-org,chrome,53.57988,334,0,51.3,3.2,22.2,25.4,1358,0,1020.8,1020.8,2020.10.15_072920
15,nexus5x,http-192-168-100-103-9191-local_websites-www-w3-org,chrome,44.520588,334,0,30.6,3.1,10.7,13.8,1383,0,1145.8,1145.8,2020.10.15_084950
15,nexus5x,http-192-168-100-103-9191-local_websites-www-w3-org,chrome,106.590816,334,0,104.9,12.6,44.5,57.1,1240,0,2373.3,2373.3,2020.10.17_174337
15,nexus5x,http-192-168-100-103-9191-local_websites-www-w3-org,chrome,41.610348,334,0,95.8,6.7,11.9,18.6,1226,0,1028.3,1028.3,2020.10.17_190421
15,nexus5x,http-192-168-100-103-9191-local_websites-www-w3-org,chrome,31.611384,334,0,51.6,27.8,7.6,35.4,1132,0,981.1,981.1,2020.10.17_202505
15,nexus5x,http-192-168-100-103-9191-local_websites-www-w3-org,chrome,32.095764,334,0,45.9,4,18.2,22.2,1529,0,786,786,2020.10.17_214543
7,nexus5x,http-192-168-100-103-9191-local_websites-www-theverge-com,chrome,52.230528,341,0,98.9,15.3,64.2,79.5,974,0,1505.6,1505.6,2020.10.11_192407
8,nexus5x,http-192-168-100-103-9191-local_websites-www-theverge-com,chrome,40.44978,188,0,525.1,19.6,66.3,85.9,915,0,1437.8,1058.1,2020.10.15_020636
8,nexus5x,http-192-168-100-103-9191-local_websites-www-theverge-com,chrome,42.949404,341,0,120.5,10.3,88.4,98.7,832,0,1186.9,824.1,2020.10.15_032742
8,nexus5x,http-192-168-100-103-9191-local_websites-www-theverge-com,chrome,35.180064,341,0,107.8,44.5,33.3,77.8,715,0,1393,1029.4,2020.10.15_044814
8,nexus5x,http-192-168-100-103-9191-local_websites-www-theverge-com,chrome,44.147232,341,0,111.2,16.3,71.9,88.2,712,0,1340.3,927.2,2020.10.15_060851
8,nexus5x,http-192-168-100-103-9191-local_websites-www-theverge-com,chrome,42.7086,341,0,119.9,29.9,68.7,98.6,1204,0,1396.5,1033.2,2020.10.15_072920
8,nexus5x,http-192-168-100-103-9191-local_websites-www-theverge-com,chrome,41.418108,341,0,142.1,8.9,90.4,99.3,753,0,1361.3,1361.3,2020.10.15_084950
8,nexus5x,http-192-168-100-103-9191-local_websites-www-theverge-com,chrome,42.756768,341,0,79.1,21.5,36.3,57.8,1191,0,1170.8,1170.8,2020.10.17_174337
8,nexus5x,http-192-168-100-103-9191-local_websites-www-theverge-com,chrome,36.155808,341,0,162.5,23,60.6,83.6,663,0,1368.7,1368.7,2020.10.17_190421
8,nexus5x,http-192-168-100-103-9191-local_websites-www-theverge-com,chrome,46.321632,341,0,102.1,5.9,76.2,82.1,947,0,1081.3,1081.3,2020.10.17_202505
8,nexus5x,http-192-168-100-103-9191-local_websites-www-theverge-com,chrome,44.344872,341,0,103.2,13.7,64.5,78.2,747,0,1378.2,1015.1,2020.10.17_214543
10,nexus5x,http-192-168-100-103-9191-local_websites-www-techcrunch-com,chrome,44.30268,342,0,71.5,5.6,10.8,16.4,206,0,967.6,967.6,2020.10.11_192407
11,nexus5x,http-192-168-100-103-9191-local_websites-www-techcrunch-com,chrome,37.9701,187,0,177.4,5.3,8.7,14,290,0,924.1,924.1,2020.10.15_020636
11,nexus5x,http-192-168-100-103-9191-local_websites-www-techcrunch-com,chrome,34.576596,342,0,60.3,4.5,9.3,13.8,275,0,1248.2,1248.2,2020.10.15_032742
11,nexus5x,http-192-168-100-103-9191-local_websites-www-techcrunch-com,chrome,43.58592,342,0,98.4,3.6,20.4,24,222,0,1158.5,1158.5,2020.10.15_044814
11,nexus5x,http-192-168-100-103-9191-local_websites-www-techcrunch-com,chrome,37.773864,342,0,53.1,12.2,10,22.2,259,0,935.3,935.3,2020.10.15_060851
11,nexus5x,http-192-168-100-103-9191-local_websites-www-techcrunch-com,chrome,44.572248,342,0,27.5,5.7,8.4,14.1,233,0,1325.4,1325.4,2020.10.15_072920
11,nexus5x,http-192-168-100-103-9191-local_websites-www-techcrunch-com,chrome,32.57604,342,0,63.5,25.4,7.2,32.6,200,0,1188.7,1188.7,2020.10.15_084950
11,nexus5x,http-192-168-100-103-9191-local_websites-www-techcrunch-com,chrome,36.734688,342,0,91.8,35.9,7,42.9,153,0,850.9,850.9,2020.10.17_174337
11,nexus5x,http-192-168-100-103-9191-local_websites-www-techcrunch-com,chrome,42.07788,342,0,62.9,2.8,8.4,11.2,167,0,1278,1278,2020.10.17_190421
11,nexus5x,http-192-168-100-103-9191-local_websites-www-techcrunch-com,chrome,37.401588,342,0,43.2,15.4,9.6,25,178,0,1079.7,1079.7,2020.10.17_202505
11,nexus5x,http-192-168-100-103-9191-local_websites-www-techcrunch-com,chrome,30.545244,342,0,54.5,23.2,5.2,28.4,165,0,1120.2,1120.2,2020.10.17_214543
9,nexus5x,http-192-168-100-103-9191-local_websites-www-scoverage-org,chrome,50.866812,340,0,70.6,6,9.9,15.9,1091,0,1699.2,1699.2,2020.10.11_192407
10,nexus5x,http-192-168-100-103-9191-local_websites-www-scoverage-org,chrome,34.9029,340,0,45.8,16,7.3,23.3,959,0,1466.6,1466.6,2020.10.15_020636
10,nexus5x,http-192-168-100-103-9191-local_websites-www-scoverage-org,chrome,33.491232,340,0,49.5,16.7,3.5,20.2,753,0,1349.7,1349.7,2020.10.15_032742
10,nexus5x,http-192-168-100-103-9191-local_websites-www-scoverage-org,chrome,31.444128,340,0,135.6,71.1,30.5,101.6,664,0,1234.2,1234.2,2020.10.15_044814
10,nexus5x,http-192-168-100-103-9191-local_websites-www-scoverage-org,chrome,32.488632,340,0,24.1,4.4,3.6,8,1126,0,1788.5,1788.5,2020.10.15_060851
10,nexus5x,http-192-168-100-103-9191-local_websites-www-scoverage-org,chrome,32.61384,340,0,30,4.5,13.4,17.9,1165,0,1647,1647,2020.10.15_072920
10,nexus5x,http-192-168-100-103-9191-local_websites-www-scoverage-org,chrome,32.731164,340,0,142.9,2.7,3.9,6.6,656,0,1265.1,1265.1,2020.10.15_084950
10,nexus5x,http-192-168-100-103-9191-local_websites-www-scoverage-org,chrome,34.476408,340,0,59.8,21,16.1,37.1,1144,0,1924.6,1924.6,2020.10.17_174337
10,nexus5x,http-192-168-100-103-9191-local_websites-www-scoverage-org,chrome,48.155796,340,0,89.5,4.6,3.8,8.4,1070,0,1813.6,1813.6,2020.10.17_190421
10,nexus5x,http-192-168-100-103-9191-local_websites-www-scoverage-org,chrome,34.271748,340,0,47.3,19.4,4.5,23.9,710,0,1286.3,1286.3,2020.10.17_202505
10,nexus5x,http-192-168-100-103-9191-local_websites-www-scoverage-org,chrome,38.142792,340,0,109.5,6.2,10.3,16.5,1077,0,1741.1,1741.1,2020.10.17_214543
20,nexus5x,http-192-168-100-103-9191-local_websites-www-ria-ru,chrome,48.533472,335,0,88.7,4.4,70,74.4,8134,0,1846.9,1434.4,2020.10.11_192407
22,nexus5x,http-192-168-100-103-9191-local_websites-www-ria-ru,chrome,39.711744,335,0,100.4,6.7,73,79.7,8674,0,2466.5,1508.5,2020.10.15_020636
22,nexus5x,http-192-168-100-103-9191-local_websites-www-ria-ru,chrome,51.16716,335,0,86.7,4.1,63.3,67.4,7651,0,1933.4,1536.9,2020.10.15_032742
22,nexus5x,http-192-168-100-103-9191-local_websites-www-ria-ru,chrome,39.538656,335,0,118.1,34.5,39.1,73.6,8596,0,2089,1725.4,2020.10.15_044814
22,nexus5x,http-192-168-100-103-9191-local_websites-www-ria-ru,chrome,51.76332,188,0,433.3,34,20.2,54.2,8927,0,2205.6,1825.6,2020.10.15_060851
22,nexus5x,http-192-168-100-103-9191-local_websites-www-ria-ru,chrome,45.81468,335,0,108.1,6,77.3,83.3,8106,0,2055.2,1692,2020.10.15_072920
22,nexus5x,http-192-168-100-103-9191-local_websites-www-ria-ru,chrome,50.260176,335,0,95.1,10.5,66,76.5,8836,0,2294.9,1915.1,2020.10.15_084950
22,nexus5x,http-192-168-100-103-9191-local_websites-www-ria-ru,chrome,46.821672,335,0,72.6,27.6,31.6,59.2,6949,0,1779.9,1399.7,2020.10.17_174337
22,nexus5x,http-192-168-100-103-9191-local_websites-www-ria-ru,chrome,36.155808,335,0,72.1,42,11.2,53.2,7450,0,2083,1555,2020.10.17_190421
22,nexus5x,http-192-168-100-103-9191-local_websites-www-ria-ru,chrome,38.653524,335,0,129.1,10.3,45.3,55.6,8008,0,2115.7,1719.6,2020.10.17_202505
22,nexus5x,http-192-168-100-103-9191-local_websites-www-ria-ru,chrome,49.461588,335,0,82.7,4.7,56.7,61.4,8281,0,2324.3,1597.8,2020.10.17_214543
22,nexus5x,http-192-168-100-103-9191-local_websites-www-reverso-net,chrome,50.365152,339,0,81.7,50.1,15.6,65.7,2692,0,1274.4,1274.4,2020.10.11_192407
24,nexus5x,http-192-168-100-103-9191-local_websites-www-reverso-net,chrome,49.794804,339,0,60.8,17.4,13.9,31.3,3451,0,1271.7,1271.7,2020.10.15_020636
24,nexus5x,http-192-168-100-103-9191-local_websites-www-reverso-net,chrome,41.86404,339,0,63,7.5,16,23.5,2894,0,1222.2,1222.2,2020.10.15_032742
24,nexus5x,http-192-168-100-103-9191-local_websites-www-reverso-net,chrome,40.13982,187,0,190.3,9.5,15.9,25.4,2904,0,1319.1,1319.1,2020.10.15_044814
24,nexus5x,http-192-168-100-103-9191-local_websites-www-reverso-net,chrome,48.810672,339,0,54.2,9.5,30,39.5,3303,0,1178.7,1178.7,2020.10.15_060851
24,nexus5x,http-192-168-100-103-9191-local_websites-www-reverso-net,chrome,45.348768,339,0,74,18,38.3,56.3,3204,0,1354.5,1354.5,2020.10.15_072920
24,nexus5x,http-192-168-100-103-9191-local_websites-www-reverso-net,chrome,50.4153,339,0,65.8,30.6,5.2,35.8,2981,0,1533.2,1533.2,2020.10.15_084950
24,nexus5x,http-192-168-100-103-9191-local_websites-www-reverso-net,chrome,48.327192,339,0,55.7,31.2,6.9,38.1,2804,0,1324.4,1324.4,2020.10.17_174337
24,nexus5x,http-192-168-100-103-9191-local_websites-www-reverso-net,chrome,38.805156,339,0,67,35.5,6,41.5,2980,0,1388.7,1388.7,2020.10.17_190421
24,nexus5x,http-192-168-100-103-9191-local_websites-www-reverso-net,chrome,60.562404,339,0,81.5,55.8,9.1,64.9,2923,0,1582.8,1582.8,2020.10.17_202505
24,nexus5x,http-192-168-100-103-9191-local_websites-www-reverso-net,chrome,39.383208,339,0,50,8.6,7.6,16.2,2922,0,1503.6,1503.6,2020.10.17_214543
14,nexus5x,http-192-168-100-103-9191-local_websites-www-patreon-com,chrome,55.18404,339,0,83.4,4.7,32.6,37.3,4785,0,1250.9,1250.9,2020.10.11_192407
16,nexus5x,http-192-168-100-103-9191-local_websites-www-patreon-com,chrome,45.141084,339,0,69.6,35.2,7.8,43,4789,0,1257.6,1257.6,2020.10.15_020636
16,nexus5x,http-192-168-100-103-9191-local_websites-www-patreon-com,chrome,57.059136,339,0,53.4,20.3,13.7,34,4731,0,1027.7,1027.7,2020.10.15_032742
16,nexus5x,http-192-168-100-103-9191-local_websites-www-patreon-com,chrome,43.430256,339,0,72.4,3.6,44,47.6,4904,0,1059.2,1059.2,2020.10.15_044814
16,nexus5x,http-192-168-100-103-9191-local_websites-www-patreon-com,chrome,36.841176,339,0,79.6,3.8,58.3,62.1,4918,0,1028,1028,2020.10.15_060851
16,nexus5x,http-192-168-100-103-9191-local_websites-www-patreon-com,chrome,50.163192,339,0,80.1,4.3,38.8,43.1,4841,0,1083.7,1083.7,2020.10.15_072920
16,nexus5x,http-192-168-100-103-9191-local_websites-www-patreon-com,chrome,40.642488,339,0,87.6,29.7,29.4,59.1,4771,0,1274.5,1274.5,2020.10.15_084950
16,nexus5x,http-192-168-100-103-9191-local_websites-www-patreon-com,chrome,42.004008,339,0,54.3,3.4,35.1,38.5,4740,0,1192.1,1192.1,2020.10.17_174337
16,nexus5x,http-192-168-100-103-9191-local_websites-www-patreon-com,chrome,35.220744,339,0,52.2,21.2,10.2,31.4,4594,0,1139.9,1139.9,2020.10.17_190421
16,nexus5x,http-192-168-100-103-9191-local_websites-www-patreon-com,chrome,42.096348,339,0,77.6,19.2,34.8,54,4698,0,1054.7,1054.7,2020.10.17_202505
16,nexus5x,http-192-168-100-103-9191-local_websites-www-patreon-com,chrome,40.778676,339,0,52.3,15.4,14.6,30,4638,0,1169.7,1169.7,2020.10.17_214543
3,nexus5x,http-192-168-100-103-9191-local_websites-www-oliveogrill-com,chrome,49.466808,342,0,40.5,4.2,3.9,8.1,2730,0,1787.4,1787.4,2020.10.11_192407
4,nexus5x,http-192-168-100-103-9191-local_websites-www-oliveogrill-com,chrome,45.141084,342,0,28.9,6.6,4.6,11.2,2385,0,1411.2,1411.2,2020.10.15_020636
4,nexus5x,http-192-168-100-103-9191-local_websites-www-oliveogrill-com,chrome,31.630608,342,0,70.3,5.9,4.2,10.1,2496,0,1420.4,1420.4,2020.10.15_032742
4,nexus5x,http-192-168-100-103-9191-local_websites-www-oliveogrill-com,chrome,64.756224,342,0,39.5,3.5,4.5,8,2698,0,1310.2,1310.2,2020.10.15_044814
4,nexus5x,http-192-168-100-103-9191-local_websites-www-oliveogrill-com,chrome,34.664904,342,0,44,5.3,4.8,10.1,2149,0,1486,1486,2020.10.15_060851
4,nexus5x,http-192-168-100-103-9191-local_websites-www-oliveogrill-com,chrome,34.477488,342,0,44.7,11,8.4,19.4,2475,0,1501.2,1501.2,2020.10.15_072920
4,nexus5x,http-192-168-100-103-9191-local_websites-www-oliveogrill-com,chrome,30.404304,342,0,78.5,20.9,36.4,57.3,2323,0,1507,1507,2020.10.15_084950
4,nexus5x,http-192-168-100-103-9191-local_websites-www-oliveogrill-com,chrome,34.62696,342,0,73.7,3.5,3.8,7.3,2547,0,1784.4,1784.4,2020.10.17_174337
4,nexus5x,http-192-168-100-103-9191-local_websites-www-oliveogrill-com,chrome,32.571396,342,0,23.9,5.8,1.9,7.7,2594,0,1574.2,1574.2,2020.10.17_190421
4,nexus5x,http-192-168-100-103-9191-local_websites-www-oliveogrill-com,chrome,43.661268,342,0,34.1,6.2,3.2,9.4,1932,0,1563.9,1563.9,2020.10.17_202505
4,nexus5x,http-192-168-100-103-9191-local_websites-www-oliveogrill-com,chrome,35.506908,342,0,52.6,4.8,34,38.8,1848,0,1389.5,1389.5,2020.10.17_214543
15,nexus5x,http-192-168-100-103-9191-local_websites-www-meetup-com,chrome,50.054256,339,0,126.6,13.9,76.5,90.4,2203,0,1950.6,1950.6,2020.10.11_192407
17,nexus5x,http-192-168-100-103-9191-local_websites-www-meetup-com,chrome,34.747776,339,0,108.6,8.6,59.3,67.9,2414,0,1498.7,1498.7,2020.10.15_020636
17,nexus5x,http-192-168-100-103-9191-local_websites-www-meetup-com,chrome,42.6393,339,0,92,4.1,55.4,59.5,2612,0,1213.6,1213.6,2020.10.15_032742
17,nexus5x,http-192-168-100-103-9191-local_websites-www-meetup-com,chrome,41.095296,339,0,119.7,6.6,69.5,76.1,2642,0,1579,1579,2020.10.15_044814
17,nexus5x,http-192-168-100-103-9191-local_websites-www-meetup-com,chrome,35.286696,339,0,103.9,4.8,57.7,62.5,2311,0,1412.5,1412.5,2020.10.15_060851
17,nexus5x,http-192-168-100-103-9191-local_websites-www-meetup-com,chrome,34.477488,339,0,136.3,4.2,65.5,69.7,2391,0,1230,1230,2020.10.15_072920
17,nexus5x,http-192-168-100-103-9191-local_websites-www-meetup-com,chrome,45.141084,339,0,148.9,4.3,129,133.3,2395,0,1423.9,1423.9,2020.10.15_084950
17,nexus5x,http-192-168-100-103-9191-local_websites-www-meetup-com,chrome,33.271992,339,0,84.4,38.4,29.1,67.5,2386,0,1092.1,1092.1,2020.10.17_174337
17,nexus5x,http-192-168-100-103-9191-local_websites-www-meetup-com,chrome,103.012884,339,0,187.2,37.4,58,95.4,1305,0,1507.4,1507.4,2020.10.17_190421
17,nexus5x,http-192-168-100-103-9191-local_websites-www-meetup-com,chrome,38.027556,339,0,101.3,4.6,55.6,60.2,2420,0,1207.3,1207.3,2020.10.17_202505
17,nexus5x,http-192-168-100-103-9191-local_websites-www-meetup-com,chrome,35.66196,339,0,88.6,38.6,21.8,60.4,2476,0,1227.4,1227.4,2020.10.17_214543
0,nexus5x,http-192-168-100-103-9191-local_websites-www-idntimes-com,chrome,49.74336,341,0,153.4,3.9,135.2,139.1,5018,0,1472.3,1472.3,2020.10.11_192407
0,nexus5x,http-192-168-100-103-9191-local_websites-www-idntimes-com,chrome,53.275968,188,0,142.1,5.3,59.8,65.1,4920,0,1065.1,1065.1,2020.10.15_020636
0,nexus5x,http-192-168-100-103-9191-local_websites-www-idntimes-com,chrome,59.780592,188,0,252.9,5.2,66.6,71.8,5603,0,1415.5,1415.5,2020.10.15_032742
0,nexus5x,http-192-168-100-103-9191-local_websites-www-idntimes-com,chrome,54.05184,188,0,337.2,15.6,96.5,112.1,5947,0,1321.1,1321.1,2020.10.15_044814
0,nexus5x,http-192-168-100-103-9191-local_websites-www-idntimes-com,chrome,51.70176,188,0,278.8,5.5,97,102.5,5033,0,1416.5,1416.5,2020.10.15_060851
0,nexus5x,http-192-168-100-103-9191-local_websites-www-idntimes-com,chrome,51.545088,188,0,285.7,5.4,156.2,161.6,4890,0,1167.2,1167.2,2020.10.15_072920
0,nexus5x,http-192-168-100-103-9191-local_websites-www-idntimes-com,chrome,39.098772,188,0,336.8,25.6,47.3,72.9,4879,0,1521,1521,2020.10.15_084950
0,nexus5x,http-192-168-100-103-9191-local_websites-www-idntimes-com,chrome,49.531608,341,0,128.2,5.2,47.4,52.6,4286,0,1107.1,1107.1,2020.10.17_174337
0,nexus5x,http-192-168-100-103-9191-local_websites-www-idntimes-com,chrome,56.88306,341,0,59.4,5.4,42.4,47.8,4646,0,1381.3,1381.3,2020.10.17_190421
0,nexus5x,http-192-168-100-103-9191-local_websites-www-idntimes-com,chrome,40.844412,341,0,64.4,9.4,38.4,47.8,5589,0,1283.5,1283.5,2020.10.17_202505
0,nexus5x,http-192-168-100-103-9191-local_websites-www-idntimes-com,chrome,37.98774,341,0,89.2,53.1,10.9,64,4965,0,1331.4,1331.4,2020.10.17_214543
18,nexus5x,http-192-168-100-103-9191-local_websites-www-herokuapp-com,chrome,56.893968,342,0,89,9.2,68.7,77.9,3081,0,1301.7,1301.7,2020.10.11_192407
20,nexus5x,http-192-168-100-103-9191-local_websites-www-herokuapp-com,chrome,39.401496,342,0,90.5,4.1,42.8,46.9,3388,0,1668.2,1668.2,2020.10.15_020636
20,nexus5x,http-192-168-100-103-9191-local_websites-www-herokuapp-com,chrome,38.142792,342,0,88.3,18.6,51,69.6,3197,0,1427.2,1427.2,2020.10.15_032742
20,nexus5x,http-192-168-100-103-9191-local_websites-www-herokuapp-com,chrome,34.557408,342,0,107.2,13.1,62.1,75.2,3433,0,1479.6,1479.6,2020.10.15_044814
20,nexus5x,http-192-168-100-103-9191-local_websites-www-herokuapp-com,chrome,52.385976,342,0,103.4,5.4,63.8,69.2,3138,0,1372.8,1372.8,2020.10.15_060851
20,nexus5x,http-192-168-100-103-9191-local_websites-www-herokuapp-com,chrome,52.492752,342,0,174.5,5,61.1,66.1,2946,0,1079,1079,2020.10.15_072920
20,nexus5x,http-192-168-100-103-9191-local_websites-www-herokuapp-com,chrome,41.88348,342,0,88.5,5.4,63.1,68.5,3211,0,1323.4,1323.4,2020.10.15_084950
20,nexus5x,http-192-168-100-103-9191-local_websites-www-herokuapp-com,chrome,48.17664,342,0,78.6,4.1,51.1,55.2,3146,0,1514.3,1514.3,2020.10.17_174337
20,nexus5x,http-192-168-100-103-9191-local_websites-www-herokuapp-com,chrome,34.28568,342,0,97.8,3.2,77.8,81,3279,0,1661.5,1661.5,2020.10.17_190421
20,nexus5x,http-192-168-100-103-9191-local_websites-www-herokuapp-com,chrome,45.38268,342,0,118.6,28.5,45.2,73.7,2902,0,1179.8,1179.8,2020.10.17_202505
20,nexus5x,http-192-168-100-103-9191-local_websites-www-herokuapp-com,chrome,44.499924,342,0,93.6,5.4,61.3,66.7,2917,0,1160.2,1160.2,2020.10.17_214543
23,nexus5x,http-192-168-100-103-9191-local_websites-www-hao123-com,chrome,66.88908,339,0,130.7,6.8,82.8,89.6,7279,0.8,1673.3,1673.3,2020.10.11_192407
25,nexus5x,http-192-168-100-103-9191-local_websites-www-hao123-com,chrome,51.19092,339,0,127.4,31.2,77,108.2,7010,0,2148.4,2148.4,2020.10.15_020636
25,nexus5x,http-192-168-100-103-9191-local_websites-www-hao123-com,chrome,59.384916,339,0,153.5,18.7,114.4,133.1,5477,0,2343.8,2343.8,2020.10.15_032742
25,nexus5x,http-192-168-100-103-9191-local_websites-www-hao123-com,chrome,62.888256,339,0,131.6,7.8,81.4,89.2,6842,0,2223.2,2223.2,2020.10.15_044814
25,nexus5x,http-192-168-100-103-9191-local_websites-www-hao123-com,chrome,56.5677,188,0,399.2,6.3,104.6,110.9,7356,0,2188.4,2188.4,2020.10.15_060851
25,nexus5x,http-192-168-100-103-9191-local_websites-www-hao123-com,chrome,39.291912,339,0,114.1,5.7,85.6,91.3,5131,0,2073.2,2073.2,2020.10.15_072920
25,nexus5x,http-192-168-100-103-9191-local_websites-www-hao123-com,chrome,43.900092,339,0,148.7,12.7,108.1,120.8,5876,0,1181.8,1181.8,2020.10.15_084950
25,nexus5x,http-192-168-100-103-9191-local_websites-www-hao123-com,chrome,38.992968,339,0,93.1,8.3,66.8,75.1,9042,0,1946.4,1946.4,2020.10.17_174337
25,nexus5x,http-192-168-100-103-9191-local_websites-www-hao123-com,chrome,52.98696,339,0,153.1,4.6,115,119.6,8592,0,2207.6,2207.6,2020.10.17_190421
25,nexus5x,http-192-168-100-103-9191-local_websites-www-hao123-com,chrome,60.875388,339,0,164.4,3.8,104.3,108.1,7421,0,2354.3,2354.3,2020.10.17_202505
25,nexus5x,http-192-168-100-103-9191-local_websites-www-hao123-com,chrome,39.693312,339,0,124,7.5,78.5,86,4731,0,1251,1251,2020.10.17_214543
19,nexus5x,http-192-168-100-103-9191-local_websites-www-g-page,chrome,47.567088,335,0,307.7,21,259.3,280.3,1731,0,1091.7,1091.7,2020.10.11_192407
21,nexus5x,http-192-168-100-103-9191-local_websites-www-g-page,chrome,30.869676,335,0,199.5,5.9,227.7,221.8,2085,0,1143.5,1143.5,2020.10.15_020636
21,nexus5x,http-192-168-100-103-9191-local_websites-www-g-page,chrome,34.576596,335,0,111,9,136.1,127.1,1873,0,1015.8,1015.8,2020.10.15_032742
21,nexus5x,http-192-168-100-103-9191-local_websites-www-g-page,chrome,32.378112,335,0,291.6,22.4,224.2,246.6,1972,0,1137.1,1137.1,2020.10.15_044814
21,nexus5x,http-192-168-100-103-9191-local_websites-www-g-page,chrome,41.038272,335,0,332,16.7,298.4,315.1,1927,0,1243.8,1243.8,2020.10.15_060851
21,nexus5x,http-192-168-100-103-9191-local_websites-www-g-page,chrome,30.594888,335,0,268,12.4,317.6,305.2,2177,0,1232.1,1232.1,2020.10.15_072920
21,nexus5x,http-192-168-100-103-9191-local_websites-www-g-page,chrome,39.091248,335,0,132.6,4.4,151.4,147,1973,0,1122.8,1122.8,2020.10.15_084950
21,nexus5x,http-192-168-100-103-9191-local_websites-www-g-page,chrome,42.756768,335,0,345.2,6.9,451.5,444.6,1831,0,1248.5,1248.5,2020.10.17_174337
21,nexus5x,http-192-168-100-103-9191-local_websites-www-g-page,chrome,41.610348,335,0,296.4,14.7,213.7,228.4,1704,0,1047.1,1047.1,2020.10.17_190421
21,nexus5x,http-192-168-100-103-9191-local_websites-www-g-page,chrome,38.184048,335,0,278.9,34.1,343.1,309,2060,0,1114.3,1114.3,2020.10.17_202505
21,nexus5x,http-192-168-100-103-9191-local_websites-www-g-page,chrome,32.715972,335,0,325.6,4.6,370.8,366.2,1952,0,1215,1215,2020.10.17_214543
16,nexus5x,http-192-168-100-103-9191-local_websites-www-gotowebinar-com,chrome,42.126408,343,0,72.5,4.1,23.4,27.5,6399,0,1750.8,1750.8,2020.10.11_192407
18,nexus5x,http-192-168-100-103-9191-local_websites-www-gotowebinar-com,chrome,39.401496,343,0,57.9,5.1,29,34.1,7022,0,1702.3,1702.3,2020.10.15_020636
18,nexus5x,http-192-168-100-103-9191-local_websites-www-gotowebinar-com,chrome,41.553936,343,0,71.1,5.8,49,54.8,6637,0,1596.4,1596.4,2020.10.15_032742
18,nexus5x,http-192-168-100-103-9191-local_websites-www-gotowebinar-com,chrome,41.717952,343,0,55.8,22.5,14.6,37.1,6597,0,1514.5,1514.5,2020.10.15_044814
18,nexus5x,http-192-168-100-103-9191-local_websites-www-gotowebinar-com,chrome,55.96128,343,0,92.8,6.1,20.5,26.6,7170,0,1695.3,1695.3,2020.10.15_060851
18,nexus5x,http-192-168-100-103-9191-local_websites-www-gotowebinar-com,chrome,40.223736,343,0,95.7,4.5,26.9,31.4,6680,0,1856.5,1856.5,2020.10.15_072920
18,nexus5x,http-192-168-100-103-9191-local_websites-www-gotowebinar-com,chrome,36.45414,343,0,50,6.9,23.9,30.8,7197,0,1882.9,1882.9,2020.10.15_084950
18,nexus5x,http-192-168-100-103-9191-local_websites-www-gotowebinar-com,chrome,34.476408,343,0,50.9,9.4,19.9,29.3,6147,0,1542.7,1542.7,2020.10.17_174337
18,nexus5x,http-192-168-100-103-9191-local_websites-www-gotowebinar-com,chrome,34.909056,343,0,72.2,7.8,48,55.8,6102,0,1696.1,1696.1,2020.10.17_190421
18,nexus5x,http-192-168-100-103-9191-local_websites-www-gotowebinar-com,chrome,48.51252,343,0,103.9,4.5,19.6,24.1,6207,0,1551,1551,2020.10.17_202505
18,nexus5x,http-192-168-100-103-9191-local_websites-www-gotowebinar-com,chrome,33.33618,343,0,142.9,5.6,40.9,46.5,6759,0,1765.2,1765.2,2020.10.17_214543
29,nexus5x,http-192-168-100-103-9191-local_websites-www-github-com,chrome,38.227968,339,0,83,24.9,30,54.9,2085,0,2605.2,2605.2,2020.10.11_192407
1,nexus5x,http-192-168-100-103-9191-local_websites-www-github-com,chrome,41.573232,339,0,108,42.5,45.8,88.3,1047,0,1526.7,1526.7,2020.10.15_020636
1,nexus5x,http-192-168-100-103-9191-local_websites-www-github-com,chrome,45.87408,188,0,271.7,5.2,100.7,105.9,1056,0,1482.2,1482.2,2020.10.15_032742
1,nexus5x,http-192-168-100-103-9191-local_websites-www-github-com,chrome,39.382992,339,0,127.4,2.7,57.5,60.2,1117,0,1524.6,1524.6,2020.10.15_044814
1,nexus5x,http-192-168-100-103-9191-local_websites-www-github-com,chrome,39.483792,339,0,73.5,15,40.1,55.1,1492,0,1441.7,1441.7,2020.10.15_060851
1,nexus5x,http-192-168-100-103-9191-local_websites-www-github-com,chrome,38.515392,339,0,90.1,7.5,62,69.5,970,0,1673.7,1673.7,2020.10.15_072920
1,nexus5x,http-192-168-100-103-9191-local_websites-www-github-com,chrome,37.22976,339,0,70.8,15.4,33.8,49.2,1130,0,1549.4,1549.4,2020.10.15_084950
1,nexus5x,http-192-168-100-103-9191-local_websites-www-github-com,chrome,36.433584,339,0,128.8,5.2,54.5,59.7,1374,0,1609.2,1609.2,2020.10.17_174337
1,nexus5x,http-192-168-100-103-9191-local_websites-www-github-com,chrome,40.675284,339,0,135.9,5.6,44.9,50.5,1498,0,1697,1697,2020.10.17_190421
1,nexus5x,http-192-168-100-103-9191-local_websites-www-github-com,chrome,33.332796,339,0,159,7.9,52.3,60.2,1376,0,1585.8,1585.8,2020.10.17_202505
1,nexus5x,http-192-168-100-103-9191-local_websites-www-github-com,chrome,41.243832,339,0,98,7.1,55.9,63,1200,0,1749.4,1749.4,2020.10.17_214543
6,nexus5x,http-192-168-100-103-9191-local_websites-www-foursquare-com,chrome,50.209704,342,0,85.6,3.4,16.2,19.6,2466,0,1619,1619,2020.10.11_192407
7,nexus5x,http-192-168-100-103-9191-local_websites-www-foursquare-com,chrome,40.177116,342,0,42.2,5.4,18.6,24,2760,0,1805,1805,2020.10.15_020636
7,nexus5x,http-192-168-100-103-9191-local_websites-www-foursquare-com,chrome,36.592272,342,0,52.3,17.5,9.7,27.2,2720,0,1770.3,1770.3,2020.10.15_032742
7,nexus5x,http-192-168-100-103-9191-local_websites-www-foursquare-com,chrome,36.58104,342,0,88.9,7.2,58.8,66,2930,0,1453.3,1453.3,2020.10.15_044814
7,nexus5x,http-192-168-100-103-9191-local_websites-www-foursquare-com,chrome,38.862,342,0,80.3,16.2,12.7,28.9,2531,0,1196,1196,2020.10.15_060851
7,nexus5x,http-192-168-100-103-9191-local_websites-www-foursquare-com,chrome,45.969984,342,0,51.6,7.9,26.4,34.3,2711,0,1741.3,1741.3,2020.10.15_072920
7,nexus5x,http-192-168-100-103-9191-local_websites-www-foursquare-com,chrome,33.196536,342,0,124.5,49.2,58.4,107.6,2514,0,1733,1733,2020.10.15_084950
7,nexus5x,http-192-168-100-103-9191-local_websites-www-foursquare-com,chrome,39.745728,342,0,50.2,16.3,6.2,22.5,2345,0,1783.1,1783.1,2020.10.17_174337
7,nexus5x,http-192-168-100-103-9191-local_websites-www-foursquare-com,chrome,37.246716,342,0,42.9,17.3,5.5,22.8,2944,0,1506.8,1506.8,2020.10.17_190421
7,nexus5x,http-192-168-100-103-9191-local_websites-www-foursquare-com,chrome,43.191792,342,0,127.4,18.7,11,29.7,2244,0,1767.3,1767.3,2020.10.17_202505
7,nexus5x,http-192-168-100-103-9191-local_websites-www-foursquare-com,chrome,35.972064,342,0,46.6,21.2,6.6,27.8,2675,0,1695.1,1695.1,2020.10.17_214543
25,nexus5x,http-192-168-100-103-9191-local_websites-www-fandom-com,chrome,50.5206,339,0,107.8,22.7,57.3,80,3419,0,1389.5,1389.5,2020.10.11_192407
27,nexus5x,http-192-168-100-103-9191-local_websites-www-fandom-com,chrome,41.88348,339,0,95.4,3.8,74,77.8,5744,0,2360.1,2360.1,2020.10.15_020636
27,nexus5x,http-192-168-100-103-9191-local_websites-www-fandom-com,chrome,50.081796,339,0,98.2,4.4,64.8,69.2,2098,0,1348.8,1348.8,2020.10.15_032742
27,nexus5x,http-192-168-100-103-9191-local_websites-www-fandom-com,chrome,44.052912,339,0,98.8,5.8,61.9,67.7,2425,0,1887.3,1887.3,2020.10.15_044814
27,nexus5x,http-192-168-100-103-9191-local_websites-www-fandom-com,chrome,34.664904,339,0,86.6,3.8,64.6,68.4,2346,0,1696.4,1696.4,2020.10.15_060851
27,nexus5x,http-192-168-100-103-9191-local_websites-www-fandom-com,chrome,34.788096,339,0,96.4,5.7,70.5,76.2,5879,0,1529.1,1529.1,2020.10.15_072920
27,nexus5x,http-192-168-100-103-9191-local_websites-www-fandom-com,chrome,35.368272,339,0,116.5,4,79.1,83.1,2374,0,1675.3,1675.3,2020.10.15_084950
27,nexus5x,http-192-168-100-103-9191-local_websites-www-fandom-com,chrome,32.067576,339,0,84.4,5.9,64.1,70,5271,0,1422.9,1422.9,2020.10.17_174337
27,nexus5x,http-192-168-100-103-9191-local_websites-www-fandom-com,chrome,42.8571,339,0,84.6,21.4,38.2,59.6,5374,0,1507.6,1507.6,2020.10.17_190421
27,nexus5x,http-192-168-100-103-9191-local_websites-www-fandom-com,chrome,41.157396,339,0,90.2,6.1,57.3,63.4,2066,0,1406,1406,2020.10.17_202505
27,nexus5x,http-192-168-100-103-9191-local_websites-www-fandom-com,chrome,43.879716,339,0,104.5,57,17.1,74.1,5306,0,1839.1,1839.1,2020.10.17_214543
8,nexus5x,http-192-168-100-103-9191-local_websites-www-elsevier-com,chrome,45.85716,340,0,82.6,3.7,29.9,33.6,1531,0,1272.3,1272.3,2020.10.11_192407
9,nexus5x,http-192-168-100-103-9191-local_websites-www-elsevier-com,chrome,38.00538,340,0,81.4,5.3,28,33.3,1711,0,1914.2,1914.2,2020.10.15_020636
9,nexus5x,http-192-168-100-103-9191-local_websites-www-elsevier-com,chrome,32.405868,340,0,91.4,29.9,7,36.9,1622,0,1595.5,1595.5,2020.10.15_032742
9,nexus5x,http-192-168-100-103-9191-local_websites-www-elsevier-com,chrome,37.515024,340,0,60.5,8.6,23.6,32.2,1659,0,1972.8,1972.8,2020.10.15_044814
9,nexus5x,http-192-168-100-103-9191-local_websites-www-elsevier-com,chrome,42.77448,187,0,264.1,39.9,22.6,62.5,1952,0,1587.7,1587.7,2020.10.15_060851
9,nexus5x,http-192-168-100-103-9191-local_websites-www-elsevier-com,chrome,46.5912,340,0,115.9,5.7,29.3,35,1555,0,1527.4,1527.4,2020.10.15_072920
9,nexus5x,http-192-168-100-103-9191-local_websites-www-elsevier-com,chrome,39.246372,340,0,43,4.6,21.8,26.4,1611,0,1241.4,1241.4,2020.10.15_084950
9,nexus5x,http-192-168-100-103-9191-local_websites-www-elsevier-com,chrome,33.12144,340,0,51.4,4.6,26.7,31.3,1389,0,1237.8,1237.8,2020.10.17_174337
9,nexus5x,http-192-168-100-103-9191-local_websites-www-elsevier-com,chrome,31.792176,340,0,94.6,37.3,11.3,48.6,1659,0,1302.3,1302.3,2020.10.17_190421
9,nexus5x,http-192-168-100-103-9191-local_websites-www-elsevier-com,chrome,41.000904,340,0,68.3,24.7,13.3,38,1578,0,1435.7,1435.7,2020.10.17_202505
9,nexus5x,http-192-168-100-103-9191-local_websites-www-elsevier-com,chrome,37.832688,340,0,87.1,17.9,50.2,68.1,1368,0,1277.3,1277.3,2020.10.17_214543
17,nexus5x,http-192-168-100-103-9191-local_websites-www-dailymail-co-uk,chrome,63.933516,344,0,334.8,45.6,411.7,366.1,4904,0,2071.3,2071.3,2020.10.11_192407
19,nexus5x,http-192-168-100-103-9191-local_websites-www-dailymail-co-uk,chrome,59.412492,344,0,312,22,273.8,295.8,5015,0,2412.3,2412.3,2020.10.15_020636
19,nexus5x,http-192-168-100-103-9191-local_websites-www-dailymail-co-uk,chrome,40.468572,344,0,338.7,28.4,279.1,307.5,5080,0,2648.2,2648.2,2020.10.15_032742
19,nexus5x,http-192-168-100-103-9191-local_websites-www-dailymail-co-uk,chrome,65.690208,344,0,321.4,40.8,257,297.8,4837,0,2072.8,2072.8,2020.10.15_044814
19,nexus5x,http-192-168-100-103-9191-local_websites-www-dailymail-co-uk,chrome,56.893968,344,0,485,5.6,443.3,448.9,5051,0,2424.7,2424.7,2020.10.15_060851
19,nexus5x,http-192-168-100-103-9191-local_websites-www-dailymail-co-uk,chrome,53.735184,344,0,318.1,33.9,269.3,303.2,4857,0,2588.2,2588.2,2020.10.15_072920
19,nexus5x,http-192-168-100-103-9191-local_websites-www-dailymail-co-uk,chrome,69.960924,344,0,290.1,5.6,262.3,267.9,4903,0,2156.4,2156.4,2020.10.15_084950
19,nexus5x,http-192-168-100-103-9191-local_websites-www-dailymail-co-uk,chrome,39.745728,344,0,142.9,3.4,161.2,157.8,5127,0,2226,2226,2020.10.17_174337
19,nexus5x,http-192-168-100-103-9191-local_websites-www-dailymail-co-uk,chrome,60.77916,344,0,236.3,6.7,311.7,305,4363,0,2201.2,2201.2,2020.10.17_190421
19,nexus5x,http-192-168-100-103-9191-local_websites-www-dailymail-co-uk,chrome,49.29498,344,0,350.5,112.5,215.9,328.4,4277,0,2083.8,2083.8,2020.10.17_202505
19,nexus5x,http-192-168-100-103-9191-local_websites-www-dailymail-co-uk,chrome,79.386624,344,0,351.3,8.5,291.8,300.3,4964,0,2424.5,2424.5,2020.10.17_214543
24,nexus5x,http-192-168-100-103-9191-local_websites-www-bitly-com,chrome,49.277016,337,0,55,14.5,23.3,37.8,2091,0,1448.3,1448.3,2020.10.11_192407
26,nexus5x,http-192-168-100-103-9191-local_websites-www-bitly-com,chrome,33.196536,337,0,62.7,3.4,15,18.4,2218,0,1532.6,1532.6,2020.10.15_020636
26,nexus5x,http-192-168-100-103-9191-local_websites-www-bitly-com,chrome,43.70436,187,0,269,44.3,11.8,56.1,2274,0,1468.6,1468.6,2020.10.15_032742
26,nexus5x,http-192-168-100-103-9191-local_websites-www-bitly-com,chrome,33.156432,337,0,79.5,45.7,16.5,62.2,2179,0,1372.7,1372.7,2020.10.15_044814
26,nexus5x,http-192-168-100-103-9191-local_websites-www-bitly-com,chrome,50.054256,337,0,31.8,4.5,15.4,19.9,2322,0,1408.2,1408.2,2020.10.15_060851
26,nexus5x,http-192-168-100-103-9191-local_websites-www-bitly-com,chrome,36.807048,337,0,53.5,8.5,22.3,30.8,2263,0,1342.7,1342.7,2020.10.15_072920
26,nexus5x,http-192-168-100-103-9191-local_websites-www-bitly-com,chrome,38.315628,337,0,48.6,4.6,23.8,28.4,2353,0,1383.3,1383.3,2020.10.15_084950
26,nexus5x,http-192-168-100-103-9191-local_websites-www-bitly-com,chrome,133.690176,337,0,95.7,3.6,29.9,33.5,2162,0,1746.8,1746.8,2020.10.17_174337
26,nexus5x,http-192-168-100-103-9191-local_websites-www-bitly-com,chrome,36.779184,337,0,98.7,4,13.5,17.5,1927,0,1420.2,1420.2,2020.10.17_190421
26,nexus5x,http-192-168-100-103-9191-local_websites-www-bitly-com,chrome,46.321632,337,0,70.5,5.1,54.5,59.6,2199,0,1499.6,1499.6,2020.10.17_202505
26,nexus5x,http-192-168-100-103-9191-local_websites-www-bitly-com,chrome,40.158468,337,0,55.4,3.5,33.3,36.8,1960,0,1371,1371,2020.10.17_214543
4,nexus5x,http-192-168-100-103-9191-local_websites-www-bankofamerica-com,chrome,43.52544,346,0,143.6,34.8,80.5,115.3,1015,0,1185.4,1185.4,2020.10.11_192407
5,nexus5x,http-192-168-100-103-9191-local_websites-www-bankofamerica-com,chrome,32.886288,346,0,79.6,11.2,54.7,65.9,1197,0,1293.4,1293.4,2020.10.15_020636
5,nexus5x,http-192-168-100-103-9191-local_websites-www-bankofamerica-com,chrome,37.522584,346,0,94.5,16.9,58.2,75.1,1200,0,1367.9,1367.9,2020.10.15_032742
5,nexus5x,http-192-168-100-103-9191-local_websites-www-bankofamerica-com,chrome,32.378112,346,0,128,10.9,80.9,91.8,1464,0,1568.4,1568.4,2020.10.15_044814
5,nexus5x,http-192-168-100-103-9191-local_websites-www-bankofamerica-com,chrome,45.07992,346,0,134.4,4.6,96.4,101,1209,0,1488.1,1488.1,2020.10.15_060851
5,nexus5x,http-192-168-100-103-9191-local_websites-www-bankofamerica-com,chrome,48.14424,346,0,109.1,5.9,75.3,81.2,1357,0,1667.8,1667.8,2020.10.15_072920
5,nexus5x,http-192-168-100-103-9191-local_websites-www-bankofamerica-com,chrome,46.692324,346,0,96.9,11.3,67.5,78.8,1135,0,1350.9,1350.9,2020.10.15_084950
5,nexus5x,http-192-168-100-103-9191-local_websites-www-bankofamerica-com,chrome,32.36868,346,0,100.4,27,40.2,67.2,1034,0,1216.8,1216.8,2020.10.17_174337
5,nexus5x,http-192-168-100-103-9191-local_websites-www-bankofamerica-com,chrome,70.441488,346,0,208.9,28.4,114.9,143.3,1502,0,1672.1,1672.1,2020.10.17_190421
5,nexus5x,http-192-168-100-103-9191-local_websites-www-bankofamerica-com,chrome,35.367192,346,0,132.2,5.6,82,87.6,2670,0,1365.4,1365.4,2020.10.17_202505
5,nexus5x,http-192-168-100-103-9191-local_websites-www-bankofamerica-com,chrome,37.832688,346,0,109.6,10.7,72.8,83.5,1102,0,1373.5,1373.5,2020.10.17_214543
21,nexus5x,http-192-168-100-103-9191-local_websites-www-automattic-com,chrome,46.168056,342,0,50.4,3.9,19.1,23,765,0,1022.1,1022.1,2020.10.11_192407
23,nexus5x,http-192-168-100-103-9191-local_websites-www-automattic-com,chrome,43.43472,342,0,46.5,21.3,7,28.3,889,0,1033.9,1033.9,2020.10.15_020636
23,nexus5x,http-192-168-100-103-9191-local_websites-www-automattic-com,chrome,34.731648,342,0,55.4,5.1,14.4,19.5,696,0,992.5,992.5,2020.10.15_032742
23,nexus5x,http-192-168-100-103-9191-local_websites-www-automattic-com,chrome,37.826352,342,0,45.4,12.2,10.1,22.3,861,0,1095,1095,2020.10.15_044814
23,nexus5x,http-192-168-100-103-9191-local_websites-www-automattic-com,chrome,36.219384,342,0,54.9,22.9,4.4,27.3,845,0,1097.7,1097.7,2020.10.15_060851
23,nexus5x,http-192-168-100-103-9191-local_websites-www-automattic-com,chrome,35.409312,342,0,71,25.3,14.4,39.7,743,0,1152.5,1152.5,2020.10.15_072920
23,nexus5x,http-192-168-100-103-9191-local_websites-www-automattic-com,chrome,30.869676,342,0,83.1,42.7,9.6,52.3,816,0,1114.7,1114.7,2020.10.15_084950
23,nexus5x,http-192-168-100-103-9191-local_websites-www-automattic-com,chrome,37.939104,342,0,92.3,24.9,56.3,81.2,1043,0,1039.8,1039.8,2020.10.17_174337
23,nexus5x,http-192-168-100-103-9191-local_websites-www-automattic-com,chrome,34.28568,342,0,50.8,4.7,18.2,22.9,931,0,1229.9,1229.9,2020.10.17_190421
23,nexus5x,http-192-168-100-103-9191-local_websites-www-automattic-com,chrome,35.680176,342,0,61.8,19.1,8.3,27.4,777,0,1120.3,1120.3,2020.10.17_202505
23,nexus5x,http-192-168-100-103-9191-local_websites-www-automattic-com,chrome,35.506908,342,0,66.1,25.1,26.9,52,789,0,1117.3,1117.3,2020.10.17_214543
11,nexus5x,http-192-168-100-103-9191-local_websites-www-archive-org,chrome,51.453288,340,0,97,9.5,46.1,55.6,3621,0,3521.5,3521.5,2020.10.11_192407
12,nexus5x,http-192-168-100-103-9191-local_websites-www-archive-org,chrome,34.12728,340,0,69.3,6.7,46.8,53.5,4482,0,3014,3014,2020.10.15_020636
12,nexus5x,http-192-168-100-103-9191-local_websites-www-archive-org,chrome,39.848364,340,0,71,16.4,39.8,56.2,3283,0,2689.3,2689.3,2020.10.15_032742
12,nexus5x,http-192-168-100-103-9191-local_websites-www-archive-org,chrome,33.156432,340,0,103.3,4.9,53.9,58.8,9052,0,3667.1,3667.1,2020.10.15_044814
12,nexus5x,http-192-168-100-103-9191-local_websites-www-archive-org,chrome,33.265872,340,0,85.2,7.7,47.4,55.1,5449,0,5028.6,5028.6,2020.10.15_060851
12,nexus5x,http-192-168-100-103-9191-local_websites-www-archive-org,chrome,40.844952,340,0,72.2,21.6,28.9,50.5,3934,0,3188.4,3188.4,2020.10.15_072920
12,nexus5x,http-192-168-100-103-9191-local_websites-www-archive-org,chrome,33.661908,340,0,83.8,4.7,49.7,54.4,3510,0,3142.1,3142.1,2020.10.15_084950
12,nexus5x,http-192-168-100-103-9191-local_websites-www-archive-org,chrome,30.86316,340,0,70,7.3,34.5,41.8,3667,0,3437.5,3437.5,2020.10.17_174337
12,nexus5x,http-192-168-100-103-9191-local_websites-www-archive-org,chrome,38.649312,340,0,66.1,5.2,43.6,48.8,11829,0,8178.9,8178.9,2020.10.17_190421
12,nexus5x,http-192-168-100-103-9191-local_websites-www-archive-org,chrome,40.844412,340,0,72.4,29.5,23.5,53,6380,0,3192.4,3192.4,2020.10.17_202505
12,nexus5x,http-192-168-100-103-9191-local_websites-www-archive-org,chrome,31.320504,340,0,78,4.1,48.4,52.5,3170,0,2912.5,2912.5,2020.10.17_214543
5,nexus5x,http-192-168-100-103-9191-local_websites-www-aliyun-com,chrome,48.499776,339,0,171.6,13.2,127,140.2,5027,0,1592.2,1592.2,2020.10.11_192407
6,nexus5x,http-192-168-100-103-9191-local_websites-www-aliyun-com,chrome,42.503976,339,0,133.5,25.5,83.9,109.4,4989,0,1529.6,1529.6,2020.10.15_020636
6,nexus5x,http-192-168-100-103-9191-local_websites-www-aliyun-com,chrome,38.452896,339,0,127.6,3.9,94.1,98,5149,0,1253.6,1253.6,2020.10.15_032742
6,nexus5x,http-192-168-100-103-9191-local_websites-www-aliyun-com,chrome,43.897248,339,0,155,4.2,127.9,132.1,4718,0,1414.9,1414.9,2020.10.15_044814
6,nexus5x,http-192-168-100-103-9191-local_websites-www-aliyun-com,chrome,41.504616,339,0,218.4,15.9,130,145.9,5486,0,1288.4,1288.4,2020.10.15_060851
6,nexus5x,http-192-168-100-103-9191-local_websites-www-aliyun-com,chrome,32.769144,339,0,182.6,6.5,129,135.2,5985,0,1200.4,1200.4,2020.10.15_072920
6,nexus5x,http-192-168-100-103-9191-local_websites-www-aliyun-com,chrome,39.711744,339,0,146.7,3.6,121.7,125.3,5252,0,1242.6,1242.6,2020.10.15_084950
6,nexus5x,http-192-168-100-103-9191-local_websites-www-aliyun-com,chrome,52.6932,339,0,150,3.5,120.2,119,5523,0,1589.5,1589.5,2020.10.17_174337
6,nexus5x,http-192-168-100-103-9191-local_websites-www-aliyun-com,chrome,44.103852,339,0,193.4,26.2,150.9,177.1,4423,0,1524.2,1524.2,2020.10.17_190421
6,nexus5x,http-192-168-100-103-9191-local_websites-www-aliyun-com,chrome,40.374936,339,0,153.7,26.1,97.6,123.7,4977,0,1122.2,1122.2,2020.10.17_202505
6,nexus5x,http-192-168-100-103-9191-local_websites-www-aliyun-com,chrome,38.763,339,0,122.8,4.4,91.8,96.2,4957,0,1160.7,1160.7,2020.10.17_214543
12,nexus5x,http-192-168-100-103-9191-local_websites-www-afternic-com,chrome,50.986944,340,0,43.7,10.6,8.9,19.5,1186,0,1355.8,1355.8,2020.10.11_192407
14,nexus5x,http-192-168-100-103-9191-local_websites-www-afternic-com,chrome,32.731164,340,0,45.9,3.2,15.7,18.9,1215,0,1523.5,1523.5,2020.10.15_020636
14,nexus5x,http-192-168-100-103-9191-local_websites-www-afternic-com,chrome,33.956388,340,0,132.8,4.6,19.1,23.7,1011,0,1632.3,1632.3,2020.10.15_032742
14,nexus5x,http-192-168-100-103-9191-local_websites-www-afternic-com,chrome,40.783968,340,0,64.8,3.4,38.1,41.5,1137,0,1428.6,1428.6,2020.10.15_044814
14,nexus5x,http-192-168-100-103-9191-local_websites-www-afternic-com,chrome,34.19856,340,0,39.2,3.4,13.7,17.1,1168,0,1365.9,1365.9,2020.10.15_060851
14,nexus5x,http-192-168-100-103-9191-local_websites-www-afternic-com,chrome,36.030528,340,0,96.3,9.1,64.1,73.2,1188,0,1496.3,1496.3,2020.10.15_072920
14,nexus5x,http-192-168-100-103-9191-local_websites-www-afternic-com,chrome,33.972156,340,0,90.4,11.4,38.3,49.7,1132,0,1440.7,1440.7,2020.10.15_084950
14,nexus5x,http-192-168-100-103-9191-local_websites-www-afternic-com,chrome,35.680824,340,0,44.8,4.4,15.7,20.1,1144,0,1488.4,1488.4,2020.10.17_174337
14,nexus5x,http-192-168-100-103-9191-local_websites-www-afternic-com,chrome,46.7532,340,0,62.2,18.5,3.6,22.1,932,0,1694,1694,2020.10.17_190421
14,nexus5x,http-192-168-100-103-9191-local_websites-www-afternic-com,chrome,104.223672,340,0,55,8.6,16.5,25.1,1114,0,1547.5,1547.5,2020.10.17_202505
14,nexus5x,http-192-168-100-103-9191-local_websites-www-afternic-com,chrome,47.29086,340,0,46.9,21.1,11.1,32.2,1182,0,1424.9,1424.9,2020.10.17_214543
26,nexus5x,http-192-168-100-103-9191-local_websites-www-aaplimg-com,chrome,42.437304,339,0,70.9,4.3,47.6,51.9,1664,0,2238.6,2238.6,2020.10.11_192407
28,nexus5x,http-192-168-100-103-9191-local_websites-www-aaplimg-com,chrome,33.506784,339,0,47.1,24.7,3.8,28.5,1664,0,2409.1,2409.1,2020.10.15_020636
28,nexus5x,http-192-168-100-103-9191-local_websites-www-aaplimg-com,chrome,40.933728,339,0,42.5,3.9,18.6,22.5,1551,0,2292.6,2292.6,2020.10.15_032742
28,nexus5x,http-192-168-100-103-9191-local_websites-www-aaplimg-com,chrome,36.892368,339,0,46.9,12.5,10.2,22.7,1507,0,2364.4,2364.4,2020.10.15_044814
28,nexus5x,http-192-168-100-103-9191-local_websites-www-aaplimg-com,chrome,30.68604,187,0,212.1,6.6,20.5,27.1,1683,0,2472.7,2472.7,2020.10.15_060851
28,nexus5x,http-192-168-100-103-9191-local_websites-www-aaplimg-com,chrome,46.5912,339,0,140.1,11.7,14,25.7,1559,0,2268.6,2268.6,2020.10.15_072920
28,nexus5x,http-192-168-100-103-9191-local_websites-www-aaplimg-com,chrome,31.955544,339,0,46.5,5.9,25,30.9,1463,0,2179.6,2179.6,2020.10.15_084950
28,nexus5x,http-192-168-100-103-9191-local_websites-www-aaplimg-com,chrome,35.831376,339,0,49.1,18.9,5.6,24.5,1392,0,2378.6,2378.6,2020.10.17_174337
28,nexus5x,http-192-168-100-103-9191-local_websites-www-aaplimg-com,chrome,34.597368,339,0,66.4,4.6,17.3,21.9,1435,0,2079.6,2079.6,2020.10.17_190421
28,nexus5x,http-192-168-100-103-9191-local_websites-www-aaplimg-com,chrome,32.706828,339,0,135.1,10.6,17.1,27.7,1630,0,2074.1,2074.1,2020.10.17_202505
28,nexus5x,http-192-168-100-103-9191-local_websites-www-aaplimg-com,chrome,33.956388,339,0,43.5,7,18.4,25.4,1308,0,2132.1,2132.1,2020.10.17_214543
